ALFA-ROMEO,4C,4C,4C,M10ALFVP000S413,960CXB1A01,ES,177,A 6,mars-14,COUPE,LUXE
ALFA-ROMEO,AR8C SPIDER,8C SPIDER,8C SPIDER,M10ALFVP0005293,920BXA1A00B,ES,331,M 6,mars-14,CABRIOLET,LUXE
ALFA-ROMEO,BRERA,BRERA,BRERA 1750 TBI (200ch),M10ALFVP0004267,939DXN1B56B,ES,147,M 6,mars-14,COUPE,MOY-SUPER
ALFA-ROMEO,BRERA,BRERA,BRERA 2.0 JTDm (170ch),M10ALFVP0005268,939DXP1B58,GO,125,M 6,mars-14,COUPE,MOY-SUPER
ALFA-ROMEO,BRERA,BRERA,BRERA 2.0 JTDm (170ch),M10ALFVP0006269,939DXP1B58B,GO,125,M 6,mars-14,COUPE,MOY-SUPER
ALFA-ROMEO,BRERA,BRERA,BRERA 2.0 JTDm (170ch),M10ALFVP0007270,939DXQ1B60,GO,120,M 6,mars-14,COUPE,MOY-SUPER
ALFA-ROMEO,BRERA,BRERA,BRERA 2.0 JTDm (170ch),M10ALFVP0008271,939DXQ1B60B,GO,120,M 6,mars-14,COUPE,MOY-SUPER
ALFA-ROMEO,GIULIETTA,GIULIETTA,GIULIETTA 1.4 TB MultiAir (170ch) S/S,M10ALFVP0007331,940FXB1A01D,ES,125,M 6,mars-14,BERLINE,MOY-INFER
ALFA-ROMEO,GIULIETTA,GIULIETTA,GIULIETTA 1.4 TB MultiAir (170ch) S/S,M10ALFVP0009297,940FXB1A01D,ES,125,M 6,mars-14,BERLINE,MOY-INFER
ALFA-ROMEO,GIULIETTA,GIULIETTA,GIULIETTA 1.4 TB MultiAir (170ch) S/S,M10ALFVP000C397,940FXB1A01M,ES,125,M 6,mars-14,BERLINE,MOY-INFER
ALFA-ROMEO,GIULIETTA,GIULIETTA,GIULIETTA 1.4 TB MultiAir TCT (170ch) S/S,M10ALFVP0006427,940FXG1113,ES,120,D 6,mars-14,BERLINE,MOY-INFER
ALFA-ROMEO,GIULIETTA,GIULIETTA,GIULIETTA 1.4 TB MultiAir TCT (170ch) S/S,M10ALFVP000J440,940FXB1110P,ES,125,D 6,mars-14,BERLINE,MOY-INFER
ALFA-ROMEO,GIULIETTA,GIULIETTA,GIULIETTA 1.4 TB MultiAir TCT (170ch) S/S,M10ALFVP000T353,940FXG1113,ES,120,D 6,mars-14,BERLINE,MOY-INFER
ALFA-ROMEO,GIULIETTA,GIULIETTA,GIULIETTA 1.4 T-jet (105ch) S/S,M10ALFVP000A334,940FXN1A12C,ES,77,M 6,mars-14,BERLINE,MOY-INFER
ALFA-ROMEO,GIULIETTA,GIULIETTA,GIULIETTA 1.4 T-jet (120ch) S/S,M10ALFVP0001325,940FXF1A05B,ES,85,M 6,mars-14,BERLINE,MOY-INFER
ALFA-ROMEO,GIULIETTA,GIULIETTA,GIULIETTA 1.4 T-jet (120ch) S/S,M10ALFVP0003169,940FXA1A00,ES,88,M 6,mars-14,BERLINE,MOY-INFER
ALFA-ROMEO,GIULIETTA,GIULIETTA,GIULIETTA 1.4 T-jet (120ch) S/S,M10ALFVP000R412,940FXT1A18D,ES,88,M 6,mars-14,BERLINE,MOY-INFER
ALFA-ROMEO,GIULIETTA,GIULIETTA,GIULIETTA 1.6 JTDm (105ch) S/S,M10ALFVP0007392,940FXD1A03C,GO,77,M 6,mars-14,BERLINE,MOY-INFER
ALFA-ROMEO,GIULIETTA,GIULIETTA,GIULIETTA 2.0 JTDm (140ch) S/S,M10ALFVP000R350,940FXL1A08B,GO,103,M 6,mars-14,BERLINE,MOY-INFER
ALFA-ROMEO,GIULIETTA,GIULIETTA,GIULIETTA 2.0 JTDm (150ch) S/S,M10ALFVP000K405,940FXQ1A15B,GO,110,M 6,mars-14,BERLINE,MOY-INFER
ALFA-ROMEO,GIULIETTA,GIULIETTA,GIULIETTA 2.0 JTDm (170ch) S/S,M10ALFVP0005171,940FXE1A04,GO,125,M 6,mars-14,BERLINE,MOY-INFER
ALFA-ROMEO,MITO,MITO,MITO 1.3 JTDm (85ch) S/S,M10ALFVP000D373,955AXT1A14,GO,62,M 5,mars-14,BERLINE,INFERIEURE
ALFA-ROMEO,MITO,MITO,MITO 1.3 JTDm (85ch) S/S,M10ALFVP000E374,955AXT1A14B,GO,62,M 5,mars-14,BERLINE,INFERIEURE
ALFA-ROMEO,MITO,MITO,MITO 1.6 JTDm (120ch) S/S,M10ALFVP000V416,955AXE1B04N,GO,85,M 6,mars-14,BERLINE,INFERIEURE
ALFA-ROMEO,MITO,MITO,MITO 1.6 JTDm (120ch) S/S,M10ALFVP000W417,955AXE1B04P,GO,85,M 6,mars-14,BERLINE,INFERIEURE
ASTON MARTIN,CYGNET,CYGNET,CYGNET,M10SCFVP000P145,CG00R4A,ES,72,M 6,mars-13,BERLINE,INFERIEURE
ASTON MARTIN,DB9 VOLANTE,DB9,DB9,M10SCFVP000L203,VH1B102R4MAAE,ES,381,A 6,mars-13,COUPE,LUXE
ASTON MARTIN,DB9 VOLANTE,DB9,DB9,M10SCFVP000M204,VH1B103L4MAAE,ES,381,A 6,mars-13,CABRIOLET,LUXE
ASTON MARTIN,ONE-77,ONE-77,ONE-77,M10SCFVP000S088,VHYA2LONE77,ES,559.2999878,A 6,mars-13,COUPE,LUXE
ASTON MARTIN,ONE-77,ONE-77,ONE-77,M10SCFVP000Z156,VHYA2LONE77,ES,559.2999878,A 6,mars-13,COUPE,LUXE
ASTON MARTIN,VANQUISH,VANQUISH,VANQUISH,M10SCFVP000V213,VH1(SAS)SA52R4PAAE,ES,422,A 6,mars-13,COUPE,LUXE
ASTON MARTIN,VANTAGE,VANTAGE,V12 VANTAGE,M10SCFVP000X057,VH2E5R2FMCD,ES,380,M 6,mars-13,COUPE,LUXE
ASTON MARTIN,VANTAGE,VANTAGE,VANTAGE,M10SCFVP0007164,VH2C28L2KSDF,ES,313.2000122,A 7,mars-13,COUPE,LUXE
ASTON MARTIN,VANTAGE,VANTAGE,VANTAGE,M10SCFVP0008068,VH2B18L2KMCC,ES,313.2000122,M 6,mars-13,COUPE,LUXE
AUDI,A1,A1,A1 1.4 TFSI (185ch) S TRONIC,M10AUDVP005H074,8XACAVGF1FD7AM015R8X72LLS47MGEM0,ES,136,A 7,0,BERLINE,INFERIEURE
AUDI,A1,A1,A1 1.6 TDI (90ch) S TRONIC,M10AUDVP005N105,8XACAYBF1FD7AM007R8X5BLLS47MQEM0,GO,66,A 7,0,BERLINE,INFERIEURE
AUDI,A1 SPORTBACK,A1,A1 1.4 TFSI (122ch),M10AUDVP005R181,8XSCAXAF1FM62U010R8X5BLLS47MQEM2,ES,90,M 6,0,BERLINE,INFERIEURE
AUDI,A1 SPORTBACK,A1,A1 1.4 TFSI (122ch) S TRONIC,M10AUDVP005B165,8XSCAXAF1FD7AM014R8X5BLLS47MQEM2,ES,90,A 7,0,BERLINE,INFERIEURE
AUDI,A3 CABRIOLET,A3,A3 CABRIOLET 2.0 TDI (150ch) quattro,M10AUDVP0091381,8VKCRLBQ1QM62Q031R8V9A7MMEM1,GO,110,M 6,0,CABRIOLET,MOY-INFER
AUDI,A3 LIMOUSINE,A3,A3 Berline 1.8 TFSI (180ch) S tronic,M10AUDVP0083833,8VLCJSAF1FD7AM006R8V9A7MMEM1,ES,132,A 7,0,BERLINE,MOY-INFER
AUDI,A4 AVANT,A4,A4 AVANT 1.8 TFSI (120ch),M10AUDVP008W305,B8ACDHAF1FM6B1001RB8KAS57MJEM1,ES,88,M 6,0,BREAK,MOY-SUPER
AUDI,A4 AVANT,A4,A4 AVANT 1.8 TFSI (120ch) MULTITRONIC 8,M10AUDVP008T302,B8ACDHAF1FAVAW006RB8KAS57MJEM1,ES,88,V 0,0,BREAK,MOY-SUPER
AUDI,A4 AVANT,A4,A4 AVANT 2.0 TDI (150ch) QUATTRO,M10AUDVP008Y343,B8ACJCDQ1QM6B2003RB8KAS57MJEM1,GO,110,M 6,0,BREAK,MOY-SUPER
AUDI,A4 AVANT,A4,A4 AVANT 2.0 TDI (163ch),M10AUDVP008J327,B8ACGLDF1FM6B1005RB8KBS57MJEM2,GO,120,M 6,0,BREAK,MOY-SUPER
AUDI,A4 AVANT,A4,A4 AVANT 2.0 TDI (177ch) QUATTRO,M10AUDVP008C321,B8ACGLCQ1QM6B2003RB8KBS57MJEM1,GO,130,M 6,0,BREAK,MOY-SUPER
AUDI,A4 AVANT,A4,A4 AVANT 2.0 TDI (190ch) QUATTRO,M10AUDVP0091187,B8ACNHAQ1QM6B2003RB8KBS57MMEM1,GO,140,M 6,0,BREAK,MOY-SUPER
AUDI,A4 AVANT,A4,A4 AVANT V6 3.0 TDI (245ch) QUATTRO,M10AUDVP0080309,B8ACDUCQ1QM6B4001RB8KDS57MJEM1,GO,180,M 6,0,BREAK,MOY-SUPER
AUDI,A4 LIMOUSINE,A4,A4 1.8 TFSI (120ch),M10AUDVP008P491,B8LCDHAF1FM6B1001RB8KAS57MJEM1,ES,88,M 6,0,BERLINE,MOY-SUPER
AUDI,A4 LIMOUSINE,A4,A4 2.0 TDI (177ch) QUATTRO,M10AUDVP0084507,B8LCGLCQ1QM6B2003RB8KBS57MJEM1,GO,130,M 6,0,BERLINE,MOY-SUPER
AUDI,A4 LIMOUSINE,A4,A4 2.0 TDI (190ch),M10AUDVP009Y209,B8LCNHAF1FM6B1002RB8KBS57MMEM1,GO,140,M 6,0,BERLINE,MOY-SUPER
AUDI,A4 LIMOUSINE,A4,A4 V6 3.0 TFSI (204ch) MULTITRONIC 8,M10AUDVP0081540,B8LCLABF1FAVAW012RB8KCS57MJEM1,GO,150,V 0,0,BERLINE,MOY-SUPER
AUDI,A5 CABRIOLET,A5,A5 CABRIOLET 2.0 TDI (190ch) QUATTRO,M10AUDVP009W207,B8KCNHAQ1QM6B2003RB8TBS47MMEM1,GO,140,M 6,0,CABRIOLET,MOY-SUPER
AUDI,A5 COUPE,A5,A5 2.0 TDI (177ch) QUATTRO,M10AUDVP0082383,B8CCGLCQ1QM6B2003RB8TBS47MJEM1,GO,130,M 6,0,COUPE,MOY-SUPER
AUDI,A5 SPORTBACK,A5,A5 SPORTBACK 2.0 TDI (177ch),M10AUDVP0081576,B8SCGLCF1FM6B1002RB8TBS57MJEM1,GO,130,M 6,0,BERLINE,MOY-SUPER
AUDI,A5 SPORTBACK,A5,A5 SPORTBACK 2.0 TDI (190ch),M10AUDVP0099220,B8SCNHAF1FM6B1002RB8TBS57MMEM1,GO,140,M 6,0,BERLINE,MOY-SUPER
AUDI,A5 SPORTBACK,A5,A5 SPORTBACK V6 3.0 TDI (204ch) MULTITRONIC 8,M10AUDVP008J654,B8SCLABF1FAVAW012RB8TDS57MJEM1,GO,150,V 0,0,BERLINE,MOY-SUPER
AUDI,A6 AVANT,A6,A6 AVANT 2.0 TDI (136ch) MANUELLE 6,M10AUDVP007H521,4GACGLEF1FM6B1011R4G61S57MJEM2,GO,100,M 6,0,BREAK,LUXE
AUDI,A6 AVANT,A6,A6 AVANT 2.0 TFSI (180ch) MULTITRONIC 8,M10AUDVP007M490,4GACDNBF1FAVAW016R4G61S57MJEM2,ES,132,V 0,0,BREAK,LUXE
AUDI,A6 LIMOUSINE,A6,A6 V6 3.0 TDI (313ch) QUATTRO TIPTRONIC 8,M10AUDVP007X598,4GLCGQBQ1QA8BK021R4G72S57MJEM2,GO,230,A 8,0,BERLINE,LUXE
AUDI,A7 SPORTBACK,A7,A7 V6 3.0 TDI (204ch) QUATTRO S TRONIC 7,M10AUDVP007V693,4GSCLAAQ1QD7B5027R4G7BS57MJEM2,GO,150,A 7,0,BERLINE,LUXE
AUDI,A8,A8,A8 V6 3.0 TDI CLEAN DIESEL (258ch) QUATTRO TIPTRONIC 8,M10AUDVP008N781,4HLCTBAQ1QA8BK003R4H7AS4+17MMEM2,GO,190,A 8,0,BERLINE,LUXE
AUDI,Q5,Q5,Q5 2.0 TDI (150ch) QUATTRO,M1GAUDVP0072720,8RXCJCDQ1QM6B2023R8R7A7MJEM1G,GO,110,M 6,0,TS TERRAINS/CHEMINS,SUPERIEURE
AUDI,Q5,Q5,Q5 2.0 TFSI (225ch) QUATTRO,M1GAUDVP0078726,8RXCNCDQ1QM6B2017R8R7B7MMEM1G,ES,165,M 6,0,TS TERRAINS/CHEMINS,SUPERIEURE
AUDI,Q5,Q5,Q5 V6 3.0 TDI (245ch) QUATTRO S TRONIC,M1GAUDVP007L703,8RXCDUDQ1QD7B5035R8R7C7MJEM1G,GO,180,A 7,0,TS TERRAINS/CHEMINS,SUPERIEURE
AUDI,S3,A3,S3 2.0 TFSI (300ch) QUATTRO,M10AUDVP008P818,8VACJXCQ1QM6FB001R8V817MMEM1,ES,221,M 6,0,BERLINE,MOY-INFER
AUDI,S5 COUPE,A5,S5 COUPE V6 3.0 TFSI (333ch) QUATTRO S TRONIC 7,M10AUDVP008M392,B8CCGWCQ1QD7B5041RB8THS47MJEM1,ES,245,A 7,0,COUPE,MOY-SUPER
AUDI,TT COUPE,TT,TT Coupé 1.8 TFSI (160ch),M10AUDVP007F943,8JCCDAAF1FM62S0G6R8J607MJEM1,ES,118,M 6,0,COUPE,MOY-SUPER
AUDI,TT COUPE,TT,TT Coupé 2.0 TDI (170ch) QUATTRO S TRONIC,M10AUDVP007J971,8JCCFGBQ1QD62E083R8J607MJEM1,GO,125,A 6,0,COUPE,MOY-SUPER
AUDI,TT RS COUPE,TT,TT RS Coupé 2.5 TFSI (340ch) QUATTRO,M10AUDVP007P953,8JCCEPAQ1QM6A6007R8J817MJEM1,ES,250,M 6,0,COUPE,LUXE
BENTLEY,FLYING SPUR V8,CONTINENTAL FS,FLYING SPUR V8,M10BTLVP0004119,3WEJ41,ES,373,A 8,mars-14,BERLINE,LUXE
BMW,M5,M5,M5 Berline,M10BMWVP011B305,M5/M6FV915A050000,ES,412,A 7,0,BERLINE,LUXE
BMW,SERIE 1,114,"""114d 3P (jantes 16"""")""",M10BMWVP0177622,1K21N515H140000,GO,70,M 6,0,BERLINE,MOY-INFER
BMW,SERIE 1,114,"""114d 5P (jantes 17"""" et 18"""")""",M10BMWVP018W028,1K41T915H250000,GO,70,M 6,0,BERLINE,MOY-INFER
BMW,SERIE 1,118,"""118d 5P (jantes 16"""")""",M10BMWVP0174874,1K41C115H150000,GO,105,M 6,0,BERLINE,MOY-INFER
BMW,SERIE 1,118,"""118i 3P (jantes 16"""")""",M10BMWVP017R254,1K21D316H140000,ES,125,M 6,0,BERLINE,MOY-INFER
BMW,SERIE 1,120,120d Coupé,M10BMWVP001L846,1CUR315B,GO,130,A 6,0,COUPE,MOY-INFER
BMW,SERIE 1,120,120d xDrive 3P (jantes 17'' et 18''),M10BMWVP017K538,1K21E515H240000,GO,135,M 6,0,BERLINE,MOY-INFER
BMW,SERIE 1,120,120d xDrive 5P (jantes 17'' et 18''),M10BMWVP0175850,1K41B515H250000,GO,135,M 6,0,BERLINE,MOY-INFER
BMW,SERIE 1,125,125i 3P,M10BMWVP017F278,1K21D516A040000,ES,160,A 8,0,BERLINE,MOY-INFER
BMW,SERIE 1,135,135i Coupé,M10BMWVP001V856,1CUC915B,ES,225,A 7,0,COUPE,MOY-INFER
BMW,SERIE 3,316,"""316i Touring (jantes 16"""" (225/55). 17"""". 18"""" et 19'')""",M10BMWVP0159529,3K3G116A250000,ES,100,A 8,0,BREAK,SUPERIEURE
BMW,SERIE 3,318,318d xDrive Touring (jantes 16'' 225/55. 17''. 18'' et 19''),M10BMWVP0156817,3K8J315H250000,GO,105,M 6,0,BREAK,SUPERIEURE
BMW,SERIE 3,320,"""320i xDrive Gran Turismo (jantes 17"""" et 18"""")""",M10BMWVP018P675,3-V3Z716A150000,ES,135,A 8,0,BERLINE,SUPERIEURE
BMW,SERIE 3,320,"""320i xDrive Gran Turismo (jantes 18"""" et 19"""" montes mixtes)""",M10BMWVP0184679,3-V3Z716A250000,ES,135,A 8,0,BERLINE,SUPERIEURE
BMW,SERIE 3,320,320d EfficientDynamics Edition Berline,M10BMWVP018P347,3L3E115A050000,GO,120,A 8,0,BERLINE,SUPERIEURE
BMW,SERIE 3,320,320d Touring (jantes 16'' 205/60),M10BMWVP015F632,3K3K315A150000,GO,135,A 8,0,BREAK,SUPERIEURE
BMW,SERIE 3,320,320d xDrive Berline (jantes 16'' 205/60),M10BMWVP018K307,3L3D515H150000,GO,135,M 6,0,BERLINE,SUPERIEURE
BMW,SERIE 3,325,325d Berline,M10BMWVP0180323,3L3D715H050000,GO,160,M 6,0,BERLINE,SUPERIEURE
BMW,SERIE 3,328,328i xDrive Touring (jantes 16'' 225/55. 17''. 18'' et 19''),M10BMWVP015J600,3K3H516A050000,ES,180,A 8,0,BREAK,SUPERIEURE
BMW,SERIE 3,330,330d Berline,M10BMWVP018C371,3L3E515A050000,GO,190,A 8,0,BERLINE,SUPERIEURE
BMW,SERIE 3,335,335i Touring (jantes 16'' 225/55. 17''. 18'' et 19''),M10BMWVP015C568,3K3G916A050000,ES,225,A 8,0,BREAK,SUPERIEURE
BMW,SERIE 4,420,"""420d xDrive Coupé (Jantes 18"""" mixtes et 19"""")""",M10BMWVP0156077,3C3P315A240000,GO,135,A 8,0,COUPE,MOY-SUPER
BMW,SERIE 4,428,"""428i (jantes 18"""" et 19"""" montes mixtes)""",M10BMWVP014G864,3C3N316H240000,ES,180,M 6,0,COUPE,MOY-SUPER
BMW,SERIE 5,518,518d Berline (jantes 17''),M10BMWVP0131293,5L5C116A150000,GO,105,A 8,0,BERLINE,LUXE
BMW,SERIE 5,518,518d Berline (jantes 18'' et 19'' avec monte mixte),M10BMWVP013B303,5L5C116H350000,GO,105,M 6,0,BERLINE,LUXE
BMW,SERIE 5,520,520d Berline (jantes 17''),M10BMWVP013J311,5L5C315A150000,GO,135,A 8,0,BERLINE,SUPERIEURE
BMW,SERIE 5,520,520d Berline (jantes 18''),M10BMWVP013V323,5L5C315H250000,GO,135,M 6,0,BERLINE,SUPERIEURE
BMW,SERIE 5,520,520d Touring (jantes 18''),M10BMWVP013W615,5K5J315H250000,GO,135,M 6,0,BREAK,SUPERIEURE
BMW,SERIE 5,525,525d Touring (jantes 18''),M10BMWVP0130680,5K5J716H250000,GO,160,M 6,0,BREAK,LUXE
BMW,SERIE 5,525,525d xDrive Berline (jantes 18'' et 19'' avec monte mixte),M10BMWVP013S417,5L5C916A350000,GO,160,A 8,0,BREAK,LUXE
BMW,SERIE 5,528,528i xDrive Berline (jantes 18'' et 19'' avec monte mixte),M10BMWVP0137238,5L5A716A350000,ES,180,A 8,0,BERLINE,SUPERIEURE
BMW,SERIE 5,528,528i xDrive Berline (jantes 18''),M10BMWVP0136237,5L5A716A250000,ES,180,A 8,0,BERLINE,SUPERIEURE
BMW,SERIE 5,530,530d xDrive Berline (jantes 18'' et 19'' avec monte mixte),M10BMWVP013Y459,5L5D315A350000,GO,190,A 8,0,BERLINE,SUPERIEURE
BMW,SERIE 5,530,530d xDrive Touring (jantes 19''),M10BMWVP0132718,5K5K316A350000,GO,190,A 8,0,BREAK,LUXE
BMW,SERIE 5,535,535i Berline (jantes 18''),M10BMWVP013M253,5L5B116H250000,ES,225,M 6,0,BERLINE,SUPERIEURE
BMW,SERIE 5,550,M550d xDrive Berline,M10BMWVP013L482,5L5D916A050000,GO,280,A 8,0,BERLINE,LUXE
BMW,SERIE 6,640,640d Cabriolet (jantes 18''),M10BMWVP011E405,6CLZ715A240000,GO,230,A 8,0,CABRIOLET,LUXE
BMW,SERIE 6,640,640d Gran Coupé (jantes 18''),M10BMWVP011C342,6C6A615A250000,GO,230,A 8,0,COUPE,LUXE
BMW,SERIE 6,640,640d xDrive Gran Coupé (jantes 18''. 19'' ou 20'' avec monte mixte),M10BMWVP011J349,6C6A815A350000,GO,230,A 8,0,BERLINE,LUXE
BMW,SERIE 6,640,640i Cabriolet (jantes 18''. 19'' ou 20'' avec monte mixte),M10BMWVP011G382,6CLW715A340000,ES,235,A 8,0,CABRIOLET,LUXE
BMW,SERIE 6,640,640i Coupé (jantes 18''),M10BMWVP0113369,6CLW315A240000,ES,235,A 8,0,COUPE,LUXE
BMW,SERIE 7,730,730Ld Limousine,M10BMWVP012J868,7LYG415A050000,GO,190,A 8,0,BERLINE,LUXE
BMW,SERIE Z,Z4,Z4 sDrive28i Roadster,M10BMWVP017B141,ZRLL516H020000,ES,180,M 6,0,CABRIOLET,SUPERIEURE
BMW,X6,X6,X6 M,M10BMWVP005J840,M7XGZ015B,ES,408,A 6,0,TS TERRAINS/CHEMINS,LUXE
CADILLAC,ATS,ATS,ATS 2.0L BVA RWD R17 (LM) MY14,M10CDCVP000M161,GMT166BBBABBABBBBCA,ES,203,A 6,mars-14,COUPE,SUPERIEURE
CADILLAC,CTS,CTS,CTS SEDAN 2.0L BVA AWD (LM),M10CDCVP0006181,A1LLAABAAAAAAAAAA,ES,203,A 6,mars-14,BERLINE,SUPERIEURE
CADILLAC,CTS-V,CTS,"""CTS-V COUPE 6.2L V8 BVM RWD 19""""""",M10CDCVP000G155,GMX322CCAAASSHCDCCB,ES,415,M 6,mars-14,COUPE,SUPERIEURE
CHEVROLET,AVEO,AVEO,Aveo 4P 1.4 16v (100ch) BVM5,M10CHEVP001X711,KL1TKNCS1PAA5,ES,74,M 5,mars-14,BERLINE,INFERIEURE
CHEVROLET,AVEO,AVEO,Aveo 5P 1.3 VCDI 16v (95ch) BVM6,M10CHEVP001G694,KL1TKHFS1WEH5,GO,70,M 5,mars-14,BERLINE,INFERIEURE
CHEVROLET,CAMARO,CAMARO,CAMARO Convertible BVM,M10CHEVP001G500,GMX511AAAAABBAABBAA,ES,318,M 6,mars-14,CABRIOLET,LUXE
CHEVROLET,CAMARO,CAMARO,CAMARO Coupe BVA,M10CHEVP0014657,GMX521ABAAAAAAAAAAA,ES,298,A 6,mars-14,COUPE,LUXE
CHEVROLET,CAMARO,CAMARO,CAMARO Coupe BVM,M10CHEVP001J503,GMX521AAAAABBAABBAA,ES,318,M 6,mars-14,COUPE,LUXE
CHEVROLET,CAPTIVA,CAPTIVA,CAPTIVA 2.2 VCDi (184ch) 7PL BVA6 4X4,M10CHEVP001M833,KLACCM722288,GO,135,A 6,mars-14,TS TERRAINS/CHEMINS,MOY-SUPER
CHEVROLET,CAPTIVA,CAPTIVA,CAPTIVA 2.2 VCDi (184ch) 7PL BVA6 4X4,M10CHEVP001Y845,KLACCW721288,GO,135,A 6,mars-14,TS TERRAINS/CHEMINS,MOY-SUPER
CHEVROLET,CORVETTE,CORVETTE,CORVETTE Grand Sport Convertible 427 BVM (MM6),M10CHEVP001A530,GMX245SBBAAAEEAAAACA,ES,377,M 6,mars-14,CABRIOLET,LUXE
CHEVROLET,ORLANDO,ORLANDO,ORLANDO 1.4 TURBO BVM6,M10CHEVP001K673,KL1YYWDS1EE7,ES,103,M 6,mars-14,TS TERRAINS/CHEMINS,MOY-INFER
CHEVROLET,TRAX,TRAX,TRAX 1.4T BVA6,M10CHEVP0017854,KL1BBNXXFXXH44PDXHXJJB,ES,103,A 6,mars-14,TS TERRAINS/CHEMINS,INFERIEURE
CHEVROLET,TRAX,TRAX,TRAX 1.7 VCDI BVM6,M10CHEVP001S645,KL1BBMYXFXXC77DCXCXCCB,GO,96,M 6,mars-14,TS TERRAINS/CHEMINS,INFERIEURE
CITROEN,BERLINGO,BERLINGO,BERLINGO 1.6 e-HDi (90ch) FAP 4x4 DANGEL,M10DGLVP001A487,V36CJ9HPDGL0/00S,GO,68,M 5,juin-13,COMBISPACE,INFERIEURE
CITROEN,BERLINGO,BERLINGO,BERLINGO Hdi (90ch) BVM5,M10CTRVP011J090,7J9HP0,GO,68,M 5,0,COMBISPACE,INFERIEURE
CITROEN,BERLINGO,BERLINGO,BERLINGO VTi (95ch) BVM,M10CTRVP0124621,7J5FK0,ES,72,M 5,0,COMBISPACE,INFERIEURE
CITROEN,C1,C1,C1 3P 1.0i ETG,M10CTRVP007F867,PMCFB0,ES,50,M 5,0,BERLINE,ECONOMIQUE
CITROEN,C3,C3,C3 e-HDi (90ch) BMP6,M10CTRVP0120653,SC9HP8/1PS,GO,68,A 6,0,BERLINE,INFERIEURE
CITROEN,C3,C3,C3 HDi (70ch) BVM,M10CTRVP008W617,SC8HR4/1,GO,50,M 5,0,BERLINE,INFERIEURE
CITROEN,C3,C3,C3 HDi (90ch) BVM,M10CTRVP012M639,SC9HP0/1,GO,68,M 5,0,BERLINE,INFERIEURE
CITROEN,C3,C3,C3 VTI (82ch) BVM5,M10CTRVP0051686,SCHMZ0,ES,60,M 5,0,BERLINE,INFERIEURE
CITROEN,C3 PICASSO,C3 PICASSO,C3 PICASSO HDi (90ch) BMP6,M10CTRVP0074759,SH9HP8/PS,GO,68,M 6,0,MINISPACE,INFERIEURE
CITROEN,C3 PICASSO,C3 PICASSO,C3 PICASSO Hdi (90ch) BVM,M10CTRVP0071756,SH9HP4,GO,68,M 5,0,MINISPACE,INFERIEURE
CITROEN,C3 PICASSO,C3 PICASSO,C3 PICASSO Hdi (90ch) BVM,M10CTRVP0072757,SH9HP4/1,GO,68,M 5,0,MINISPACE,INFERIEURE
CITROEN,C4 AIRCROSS,C4 AIRCROSS,C4 AIRCROSS BVM6 4X2,M10CTRVP005F409,BUNKZ0/S,ES,86,M 5,0,TS TERRAINS/CHEMINS,MOY-INFER
CITROEN,C4 AIRCROSS,C4 AIRCROSS,C4 AIRCROSS HDi (115ch) BVM6 4X2,M10CTRVP004C116,BU9HD8/S,GO,84,M 6,0,TS TERRAINS/CHEMINS,MOY-INFER
CITROEN,C4 PICASSO,C4 PICASSO,Nouveau Grand C4 Picasso 5PL e-Hdi (115ch) BVMP6,M10CTRVP0073977,3E9HC8/1PS,GO,85,A 6,0,MONOSPACE COMPACT,MOY-INFER
CITROEN,C4 PICASSO,C4 PICASSO,Nouveau Grand C4 Picasso 7PL Blue HDi (150ch) BVM6,M10CTRVP007W970,3AAHXM/1S,GO,110,M 6,0,MONOSPACE COMPACT,MOY-INFER
CITROEN,C4 PICASSO,C4 PICASSO,Nouveau Grand C4 Picasso 7PL Vti (115ch) BVA6,M10CTRVP007H966,3A9HC8/1PS,GO,85,A 6,0,MONOSPACE COMPACT,MOY-INFER
CITROEN,C4 PICASSO,C4 PICASSO,Nouveau Grand C4 Picasso 7PL Vti (115ch) BVA6,M10CTRVP007J968,3A9HC8/2PSM,GO,85,A 6,0,MONOSPACE COMPACT,MOY-INFER
CITROEN,DS3,DS3,DS3 CABRIO e-HDi (90ch) BMP6,M10CTRVP0126659,SB9HP8/PS,GO,68,A 6,0,BERLINE,INFERIEURE
CITROEN,DS3,DS3,DS3 CABRIO VTI (82ch) BVM,M10CTRVP008F636,SBHMZ0/1,ES,60,M 5,0,BERLINE,INFERIEURE
CITROEN,DS3,DS3,DS3 e-HDi (90ch) AirDream BVM5,M10CTRVP0127660,SA9HPK/2S,GO,68,M 5,0,BERLINE,INFERIEURE
CITROEN,DS3,DS3,DS3 e-HDi (90ch) BMP6,M10CTRVP012Y651,SA9HP8/1PS,GO,68,A 6,0,BERLINE,INFERIEURE
CITROEN,DS4,DS4,DS4 e-HDi (115ch) BVM6,M10CTRVP008E732,NX9HD8/1S,GO,84,M 6,0,BERLINE,MOY-INFER
CITROEN,DS4,DS4,DS4 HDi (160ch) BVM6,M10CTRVP008R709,NXRHH8,GO,120,M 6,0,BERLINE,MOY-INFER
CITROEN,JUMPY,JUMPY,JUMPY Multispace L2H1 HDi (160ch) BVA6,M10CTRVP008U360,XDRHHA,GO,120,A 6,0,MINIBUS,MOY-INFER
CITROEN,JUMPY 4X4,JUMPY,JUMPY Multispace long 8/9P HDi (125ch) FAP 4x4 DANGEL,M10DGLVP001S505,V60CAEAHZDGL2/4,GO,94,M 6,juin-13,MINIBUS,MOY-INFER
DACIA,DOKKER,DOKKER,DOKKER dCi (75ch) eco2,M10DACVP0000493,0SDA45,GO,55,M 5,mars-14,COMBISPACE,INFERIEURE
DACIA,LOGAN,LOGAN,Nouvelle LOGAN TCe (90ch) eco2,M10DACVP000T619,4SDAA5,ES,66,M 5,mars-14,BERLINE,INFERIEURE
DACIA,SANDERO,SANDERO,Nouvelle SANDERO 1.2 16V (75ch) GPL eco2,M10DACVP000Y624,5SDGG5,ES/GP,55,M 5,mars-14,BERLINE,INFERIEURE
DACIA,SANDERO,SANDERO,Nouvelle SANDERO Stepway TCe (90ch),M10DACVP000J609,5SDAAC,ES,66,M 5,mars-14,BERLINE,INFERIEURE
FERRARI,CALIFORNIA,CALIFORNIA,CALIFORNIA,M10FERVP0001024,F149CDEB,ES,360,D 7,mars-14,CABRIOLET,LUXE
FERRARI,FF,FF,FF,M10FERVP000A130,F151ALE,ES,486,D 7,mars-14,COUPE,LUXE
FERRARI,NON RENSEIGN?,FF,FF,M10FERVP000V018,F151ALE,ES,486,D 7,mars-14,COUPE,LUXE
FIAT,500,500,500 1.2 8V Dualogic Euro 6,M10FATVP014Z531,312AXA1103H,ES,51,D 5,mars-14,BERLINE,ECONOMIQUE
FIAT,500,500,500 1.2 8V Dualogic Start/Stop Euro 5,M10FATVP0012511,312AXA1103C,ES,51,D 5,mars-14,BERLINE,ECONOMIQUE
FIAT,500,500,500 1.2 8V Dualogic Start/Stop Euro 5,M10FATVP0015514,312AXA1103F,ES,51,D 5,mars-14,BERLINE,ECONOMIQUE
FIAT,500,500,500 1.2 8V Dualogic Start/Stop Euro 5,MFT11211U511,312AXA1103C,ES,51,M 5,mars-14,BERLINE,ECONOMIQUE
FIAT,500,500,500 1.4 (100ch) Dualogic Start/Stop,M10FATVP001N762,312AXC1104G,ES,73.5,D 5,mars-14,BERLINE,ECONOMIQUE
FIAT,500,500,500 1.4 16V Euro 5,M10FATVP001R536,312AXC1B02B,ES,73.5,M 6,mars-14,BERLINE,ECONOMIQUE
FIAT,500,500,500 1.4 16V Euro 5,MFT13211J515,312AXC1B02B,ES,73.5,M 6,mars-14,BERLINE,ECONOMIQUE
FIAT,500,500,500 TwinAir 0.9 (65ch),M10FATVP008J679,312AXH1A10D,ES,48,M 5,mars-14,BERLINE,ECONOMIQUE
FIAT,500,500,500 TwinAir 0.9 (85ch) Dualogic,M10FATVP001L300,312AXG1109,ES,62.5,M 5,mars-14,BERLINE,ECONOMIQUE
FIAT,500 ABARTH,500,Abarth 595 1.4 T-Jet (160ch) BVM,M10FATVP022X291,312AXD1A05K6,ES,118,M 5,mars-14,BERLINE,ECONOMIQUE
FIAT,500C,500C,500C 1.2 8V Dual Logic Start/Stop Euro 5,M10FATVP0014513,312AXA1103E,ES,51,D 5,mars-14,BERLINE,ECONOMIQUE
FIAT,500C,500C,500C 1.2 8V Start/Stop Euro 6,M10FATVP0143535,312AXA1A00AA,ES,51,M 5,mars-14,BERLINE,ECONOMIQUE
FIAT,500C,500C,500C 1.3 MultiJet 16V (95ch) Start/Stop DPF Euro 6,M10FATVP014C544,312AXH1A10F,ES,48,M 5,mars-14,BERLINE,ECONOMIQUE
FIAT,500C,500C,500C TwinAir 0.9 (85ch),M10FATVP001P303,312AXG1A08B,ES,62.5,M 5,mars-14,BERLINE,ECONOMIQUE
FIAT,500C,500C,500C TwinAir 0.9 (85ch) Euro 6,M10FATVP014E546,312AXH1A10H,ES,48,M 5,mars-14,BERLINE,ECONOMIQUE
FIAT,500C ABARTH,500C,Abarth 595C 1.4 T-Jet (160ch) BVA,M10FATVP014J550,312AXF1107KF,ES,118,D 5,mars-14,BERLINE,ECONOMIQUE
FIAT,500C ABARTH,500C,Abarth 695 1.4 T-Jet (180ch) BVA,M10FATVP0221270,312AXF1107KD,ES,132,D 5,mars-14,BERLINE,ECONOMIQUE
FIAT,500L,500L,500L 1.3 MultiJet 16V (85ch),M10FATVP014T234,199LXY1AL0,GO,62,M 5,mars-14,MINISPACE,ECONOMIQUE
FIAT,500L,500L,500L 1.3 MultiJet 16V (85ch),M10FATVP014Y239,199LXY1AL0H,GO,62,M 5,mars-14,MINISPACE,ECONOMIQUE
FIAT,500L,500L,500L 1.6 MultiJet 16V (120ch),M10FATVP0247493,199LYE1BL6N,GO,88,M 6,mars-14,MINISPACE,ECONOMIQUE
FIAT,BRAVO,BRAVO,BRAVO 1.4 (90ch) GPL Euro 5,M10FATVP001P595,198AXA1BG00E,GP/ES,66,M 6,mars-14,BERLINE,MOY-INFER
FIAT,BRAVO,BRAVO,BRAVO 1.4 T-Jet (120ch) Euro6,M10FATVP001V091,198AXG1B06H,ES,88,M 6,mars-14,BERLINE,MOY-INFER
FIAT,BRAVO,BRAVO,BRAVO 1.6 MultiJet (105ch) Euro 5,M10FATVP000R307,198AXH1B07G,GO,77,M 6,mars-14,BERLINE,MOY-INFER
FIAT,BRAVO,BRAVO,BRAVO 1.6 MultiJet (120ch) Euro 5,M10FATVP0001317,198AXL1B08C,GO,88,M 6,mars-14,BERLINE,MOY-INFER
FIAT,DOBLO,DOBLO,DOBLO 1.3 MultiJet (90ch) Dualogic,M10FATVP004R532,263AXL1108G,GO,66,D 5,mars-14,COMBISPACE,INFERIEURE
FIAT,DOBLO,DOBLO,DOBLO 1.4 16V (120ch) GNV,M10FATVP001Z447,263AXG1B05,GN/ES,88,M 6,mars-14,COMBISPACE,INFERIEURE
FIAT,DOBLO,DOBLO,DOBLO 1.4 T-Jet (120ch),M10FATVP005V087,263AXG1B05C,ES,88,M 6,mars-14,COMBISPACE,INFERIEURE
FIAT,DOBLO,DOBLO,DOBLO 1.6 MultiJet (90ch) Start/Stop 7PL,M10FATVP001T865,263AXH1B07E,GO,66,M 6,mars-14,COMBISPACE,INFERIEURE
FIAT,DOBLO,DOBLO,DOBLO 1.6 MultiJet 16V (105ch) Start/Stop DPF,M10FATVP0008942,263AXD1B02B,GO,77,M 6,mars-14,COMBISPACE,INFERIEURE
FIAT,DOBLO,DOBLO,DOBLO 1.6 MultiJet 16V (90ch) Start/Stop DPF,M10FATVP0013451,263AXH1B07,GO,66,M 6,mars-14,COMBISPACE,INFERIEURE
FIAT,DOBLO,DOBLO,DOBLO 1.6 MultiJet 16V (90ch) Start/Stop DPF Dualogic TOIT HAUT,M10FATVP001X481,263AXL1108C,GO,66,D 5,mars-14,COMBISPACE,INFERIEURE
FIAT,DOBLO,DOBLO,DOBLO 2.0 MultiJet 16V (135ch) Start/Stop DPF 7PL,M10FATVP000A847,263AXF1B04B,GO,99,M 6,mars-14,COMBISPACE,INFERIEURE
FIAT,DUCATO,DUCATO,Combi 3.0 - C H1 - 2.0 Mjt (115ch),M10FATVP009T142,250ARMPA73B,GO,85,M 5,mars-14,MINIBUS,MOY-INFER
FIAT,DUCATO,DUCATO,Combi 3.0 - C H1 - 2.3 Mjt (130ch),M10FATVP0097120,250AMMRA46D,GO,96,M 6,mars-14,MINIBUS,MOY-INFER
FIAT,DUCATO,DUCATO,Combi 3.3 - M H2 - 2.3 Mjt (130ch),M10FATVP009K169,250BMMRB48,GO,96,M 6,mars-14,MINIBUS,MOY-INFER
FIAT,DUCATO,DUCATO,Panorama 3.0 - C H1 - 2.3 Mjt (130ch),M10FATVP003N821,250AMMPA54D,GO,96,M 6,mars-14,MINIBUS,MOY-INFER
FIAT,DUCATO,DUCATO,Panorama 3.0 - C H1 - 2.3 Mjt (130ch),M10FATVP009W109,250AMAPA84,GO,96,A 6,mars-14,MINIBUS,MOY-INFER
FIAT,FIORINO,FIORINO,QUBO 1.3 16V MultiJet (75ch) Start/StopÖ,M10FATVP0141303,225AXD1A04B,GO,55,M 5,mars-14,COMBISPACE,INFERIEURE
FIAT,FIORINO,FIORINO,QUBO 1.4 8V (73ch),M10FATVP001R438,225AXF1A07B,ES,54,M 5,mars-14,COMBISPACE,INFERIEURE
FIAT,PANDA,PANDA,PANDA 4x4 1.3 MultiJet (75ch),M10FATVP001M143,169AXG2A11C,GO,55,M 5,mars-14,BERLINE,INFERIEURE
FIAT,PANDA,PANDA,PANDA III 0.9 TwinAir Turbo GNV (80ch) 5PL,M10FATVP008L681,312PXG1AP1D,ES/GN,62.5,M 5,mars-14,BERLINE,INFERIEURE
FIAT,PANDA,PANDA,PANDA III 0.9 TwinAir Turbo GNV (80ch) 5PL Euro 6,M10FATVP0263850,312PXG1AP1Z,GN/ES,59,M 5,mars-14,BERLINE,INFERIEURE
FIAT,PANDA,PANDA,PANDA III 1.2 (69ch) 5PL,M10FATVP004M564,312PXA1AP0B,ES,51,M 5,mars-14,BERLINE,INFERIEURE
FIAT,PANDA,PANDA,PANDA III 1.2 GPL (69ch) Euro 6,M10FATVP026F862,312PXA1AP0P,ES/GP,51,M 5,mars-14,BERLINE,INFERIEURE
FIAT,PANDA,PANDA,PANDA III 4x4 1.3 MultiJet (75ch) Start/Stop,M10FATVP014V527,312PXL2AP6,GO,55,M 5,mars-14,BERLINE,INFERIEURE
FIAT,SCUDO,SCUDO,SCUDO Combi 1.0 CH1 2.0 MultiJet (128ch),M10FATVP0015708,270KXL1BAB,GO,94,M 6,mars-14,MINIBUS,MOY-INFER
FIAT,SCUDO,SCUDO,SCUDO Combi 1.0 CH1 2.0 MultiJet (163ch),M10FATVP014R170,270KXG1BAB,GO,120,M 6,mars-14,MINIBUS,MOY-INFER
FIAT,SCUDO 4X4,SCUDO,SCUDO Combi/Panorama 8/9P 2.0 MJT 16v (130ch) LH1 4x4 DANGEL,M10DGLVP001U507,V60FAKXL2BABL,GO,94,M 6,juin-13,MINIBUS,MOY-INFER
FIAT,SEDICI,SEDICI,SEDICI 2.0 MultiJet (135ch) 4x2,M10FATVP0039067,FYA91SMT,GO,99.19999695,M 6,mars-14,TS TERRAINS/CHEMINS,INFERIEURE
FORD,B-MAX,B-MAX,B-MAX 1000 S&S (125ch) EcoBoost,M10FRDVP0253365,JK8M1JE1K5ABALR,ES,92,M 5,0,MINISPACE,INFERIEURE
FORD,B-MAX,B-MAX,B-MAX 1600 (105ch) PowerShift,M10FRDVP034C875,JK8IQJA1K5GGAMT,ES,77,A 6,0,MINISPACE,INFERIEURE
FORD,C-MAX,C-MAX,C-MAX II 1600 EcoBoost S&S (150ch),M10FRDVP025Y227,DXAJQDB1J5CGAMB,ES,110,M 6,0,MONOSPACE COMPACT,MOY-INFER
FORD,FIESTA,FIESTA,FIESTA 3P 1000 EcoBoost S&S (125ch),M10FRDVP034K761,JA8M1JE1C5DHABK,ES,92,M 5,0,BERLINE,INFERIEURE
FORD,FOCUS,FOCUS,FOCUS III 5P 1600 TDCi ECOnétic S&S (88 g/km),M10FRDVP0475248,DYBNGDB1K5DEDMC,GO,77,M 6,0,BERLINE,INFERIEURE
FORD,FOCUS,FOCUS,FOCUS III 5P 2000 (250ch) EcoBoost,M10FRDVP017M805,DYBR9DA1K5KMBNF,ES,184,M 6,0,BERLINE,MOY-INFER
FORD,FOCUS,FOCUS,FOCUS III SW 1600 FLEXIFUEL S&S (150ch),M10FRDVP034G757,DYBYUDA1L5CDAMC,FE,110,M 6,0,BREAK,MOY-INFER
FORD,FOCUS,FOCUS,FOCUS III SW 1600 TDCi S&S (115ch) FAP,M10FRDVP047E221,DYBT1DB1L5DAAMC,GO,85,M 6,0,BREAK,MOY-INFER
